YEAR,PLAYER,POSITION,TEAM,SALARY,AGE,GP,W,L,MIN,PTS,FGM,FGA,FG%,3PM,3PA,3P%,FTM,FTA,FT%,OREB,DREB,REB,AST,TOV,STL,BLK,PF,FP,DD2,TD3,+/-,RK
2017,Stephen Curry, PG,Golden State Warriors,37457154,30,51,41,10,32.0,26.4,8.4,16.9,49.5,4.2,9.8,42.3,5.5,5.9,92.1,0.7,4.4,5.1,6.1,3.0,1.6,0.2,2.2,43.8,5,0,9.5,1
2018,Stephen Curry, PG,Golden State Warriors,37457154,31,69,52,17,33.8,27.3,9.2,19.4,47.2,5.1,11.7,43.7,3.8,4.2,91.6,0.7,4.7,5.3,5.2,2.8,1.3,0.4,2.4,43.8,3,0,10.0,1
2019,Stephen Curry, PG,Golden State Warriors,40231758,31,4,1,3,28.0,20.3,6.8,16.5,40.9,2.3,9.3,24.3,4.5,4.5,100.0,1.0,4.0,5.0,6.5,3.8,1.3,0.5,2.5,37.5,1,0,-8.0,1
2018,LeBron James, SF,Los Angeles Lakers,35654150,34,55,28,27,35.2,27.4,10.1,19.9,51.0,2.0,5.9,33.9,5.1,7.6,66.5,1.0,7.4,8.5,8.3,3.6,1.3,0.6,1.7,52.0,32,8,2.1,3
2019,LeBron James, SF,Los Angeles Lakers,37436858,35,38,32,6,34.9,25.5,9.8,19.8,49.4,2.1,6.1,35.1,3.9,5.6,69.7,1.1,6.8,7.8,10.7,3.7,1.3,0.5,1.8,52.7,29,9,9.6,7
2019,Kawhi Leonard, SF,LA Clippers,32742000,28,30,22,8,32.2,25.8,9.1,20.0,45.4,1.8,5.1,34.6,5.8,6.5,88.8,1.1,6.4,7.5,5.1,3.4,1.9,0.5,2.0,46.3,8,0,7.7,12
2018,Harrison Barnes, SF,Sacramento Kings,24107258,27,28,11,17,33.9,14.3,5.0,11.1,45.5,1.9,4.6,40.8,2.3,2.9,80.0,0.8,4.8,5.5,1.9,1.1,0.6,0.1,1.5,24.7,3,0,0.9,30
2019,Harrison Barnes, SF,Sacramento Kings,24147727,27,40,15,25,35.1,15.2,5.2,11.5,44.8,1.4,3.9,35.1,3.5,4.4,79.5,0.9,3.9,4.8,2.2,1.3,0.7,0.2,1.2,25.3,3,0,-0.7,46
